{
  "accuracy": 0.844684362411499,
  "loss": 0.37856265902519226,
  "class_report": {
    "A+": {
      "precision": 0.911504424778761,
      "recall": 0.911504424778761,
      "f1-score": 0.911504424778761,
      "support": 113.0
    },
    "A-": {
      "precision": 0.7863247863247863,
      "recall": 0.9108910891089109,
      "f1-score": 0.8440366972477065,
      "support": 202.0
    },
    "AB+": {
      "precision": 0.8589743589743589,
      "recall": 0.9436619718309859,
      "f1-score": 0.8993288590604027,
      "support": 142.0
    },
    "AB-": {
      "precision": 0.96,
      "recall": 0.6274509803921569,
      "f1-score": 0.758893280632411,
      "support": 153.0
    },
    "B+": {
      "precision": 0.8507462686567164,
      "recall": 0.8702290076335878,
      "f1-score": 0.8603773584905661,
      "support": 131.0
    },
    "B-": {
      "precision": 0.8881578947368421,
      "recall": 0.9060402684563759,
      "f1-score": 0.8970099667774086,
      "support": 149.0
    },
    "O+": {
      "precision": 0.726027397260274,
      "recall": 0.9298245614035088,
      "f1-score": 0.8153846153846154,
      "support": 171.0
    },
    "O-": {
      "precision": 0.9583333333333334,
      "recall": 0.6433566433566433,
      "f1-score": 0.7698744769874477,
      "support": 143.0
    },
    "accuracy": 0.8446843853820598,
    "macro avg": {
      "precision": 0.867508558008134,
      "recall": 0.8428698683701163,
      "f1-score": 0.8445512099199148,
      "support": 1204.0
    },
    "weighted avg": {
      "precision": 0.860189040631195,
      "recall": 0.8446843853820598,
      "f1-score": 0.8415261804148214,
      "support": 1204.0
    }
  },
  "class_names": [
    "A+",
    "A-",
    "AB+",
    "AB-",
    "B+",
    "B-",
    "O+",
    "O-"
  ],
  "epochs_trained": 37,
  "img_size": 96,
  "train_samples": 4797,
  "test_samples": 1204
}